date,ticker,open,high,low,close,volume
2020-04-16,TENB,22.64,22.81,21.9,22.41,495568
2020-04-17,TENB,22.95,23.93,22.405,23.61,536323
2020-04-20,TENB,23.22,24.16,23.02,23.27,413363
2020-04-21,TENB,22.81,23.48,22.1259,22.84,349257
2020-04-22,TENB,23.35,24.24,22.99,23.97,318875
2020-04-23,TENB,23.87,24.4,23.59,23.85,328282
2020-04-24,TENB,23.9,24.48,23.38,24.23,331547
2020-04-27,TENB,24.27,25.15,24.02,24.82,501209
2020-04-28,TENB,25.0,25.54,24.39,24.7,478049
2020-04-29,TENB,25.98,27.83,24.975,26.32,1175550
2020-04-30,TENB,26.0,26.72,25.67,26.06,370183
2020-05-01,TENB,26.04,26.04,24.2226,24.96,575859
2020-05-04,TENB,24.71,25.595,24.42,25.54,411361
2020-05-05,TENB,25.75,26.505,25.62,26.12,406809
2020-05-06,TENB,26.4,27.465,26.21,27.055,869923
2020-05-07,TENB,27.42,28.16,27.265,28.01,826053
2020-05-08,TENB,28.34,28.49,27.64,28.24,510981
2020-05-11,TENB,27.77,29.59,27.7001,29.29,774770
2020-05-12,TENB,29.51,29.62,28.58,28.64,565606
2020-05-13,TENB,28.52,29.082,27.49,28.22,417201
2020-05-14,TENB,27.82,29.24,27.62,29.16,437773
2020-05-15,TENB,28.96,29.48,28.73,29.05,508702
2020-05-18,TENB,29.45,29.79,29.02,29.4,581142
2020-05-19,TENB,29.43,29.72,29.11,29.35,427514
2020-05-20,TENB,29.79,30.18,29.285,29.65,840899
2020-05-21,TENB,29.78,29.78,28.95,29.0,540596
2020-05-22,TENB,28.87,29.8599,28.82,29.2,2154956
2020-05-26,TENB,29.64,30.85,29.6154,30.28,1308597
2020-05-27,TENB,30.43,30.73,28.71,30.26,940797
2020-05-28,TENB,30.3,31.09,29.815,29.95,472833
2020-05-29,TENB,30.3,31.35,29.84,31.27,1030669
2020-06-01,TENB,31.22,32.1,31.14,32.06,743362
2020-06-02,TENB,31.49,32.04,29.09,30.31,2086826
2020-06-03,TENB,30.39,30.654,30.0,30.38,879657
2020-06-04,TENB,30.07,30.31,29.39,29.92,723738
2020-06-05,TENB,30.08,30.45,29.4,29.6,818698
2020-06-08,TENB,29.8,30.2799,29.31,30.23,983719
2020-06-09,TENB,30.0,30.38,29.5,29.67,610996
2020-06-10,TENB,29.7,29.95,29.35,29.47,657883
2020-06-11,TENB,29.01,29.685,28.04,28.78,971358
2020-06-12,TENB,29.52,29.63,28.52,29.38,633991
2020-06-15,TENB,28.34,29.44,27.45,29.26,1874653
2020-06-16,TENB,28.5,29.56,27.0,29.46,2075936
2020-06-17,TENB,29.79,30.23,29.205,29.73,1048456
2020-06-18,TENB,29.8,30.24,29.44,30.18,953590
2020-06-19,TENB,30.5,30.5,29.78,29.81,1986974
2020-06-22,TENB,29.74,30.74,29.38,30.66,1509790
2020-06-23,TENB,31.11,31.11,29.725,30.09,2066551
2020-06-24,TENB,30.07,30.52,29.7,30.17,1406444
2020-06-25,TENB,30.06,30.89,29.78,30.85,1747216
2020-06-26,TENB,30.76,31.09,29.24,29.7,4599891
2020-06-29,TENB,29.85,30.34,28.1,29.16,626943
2020-06-30,TENB,29.13,29.92,29.03,29.81,554822
2020-07-01,TENB,29.73,30.24,29.4,30.14,772515
2020-07-02,TENB,30.52,30.54,29.43,29.57,604085
2020-07-06,TENB,29.94,30.08,29.31,29.67,759656
2020-07-07,TENB,29.58,30.75,29.44,30.19,583136
2020-07-08,TENB,30.28,30.94,29.82,30.88,544597
2020-07-09,TENB,31.0,31.51,30.73,31.42,905087
2020-07-10,TENB,31.65,31.65,30.95,31.17,411831
2020-07-13,TENB,31.3,31.4,29.11,29.15,619898
2020-07-14,TENB,28.89,29.32,27.96,29.13,725798
2020-07-15,TENB,29.51,30.09,29.26,29.8,435641
2020-07-16,TENB,29.48,29.58,28.57,28.99,501879
2020-07-17,TENB,29.15,29.98,28.73,29.89,1007363
2020-07-20,TENB,30.08,31.48,29.735,31.38,1035862
2020-07-21,TENB,31.51,31.91,31.13,31.55,1446624
2020-07-22,TENB,31.78,32.15,31.06,31.36,2977942
2020-07-23,TENB,31.28,31.86,30.835,31.1,782579
2020-07-24,TENB,30.69,30.92,29.79,29.96,941147
2020-07-27,TENB,30.0,30.82,29.78,30.62,841313
2020-07-28,TENB,30.54,31.2,30.22,30.37,896941
2020-07-29,TENB,34.66,36.505,32.81,35.8,5229284
2020-07-30,TENB,33.61,34.64,31.83,31.97,2731986
2020-07-31,TENB,33.9,34.63,32.83,33.93,3823697
2020-08-03,TENB,34.01,34.9,32.88,34.47,2258220
2020-08-04,TENB,34.0335,34.5,33.45,33.68,1866087
2020-08-05,TENB,33.75,34.37,32.99,33.91,1158249
2020-08-06,TENB,34.04,34.04,32.5,33.37,1036881
2020-08-07,TENB,33.26,33.435,31.9,32.74,1020082
2020-08-10,TENB,32.65,32.86,31.54,32.28,922102
2020-08-11,TENB,32.04,33.36,31.55,32.77,1002549
2020-08-12,TENB,33.11,34.26,32.965,33.7,980428
2020-08-13,TENB,33.56,34.31,33.39,33.97,671387
2020-08-14,TENB,34.39,34.5,33.35,33.585,569296
2020-08-17,TENB,33.62,34.0,33.2,33.6,547054
2020-08-18,TENB,33.59,34.0,33.285,33.96,778042
2020-08-19,TENB,34.21,34.81,33.39,34.42,1159619
2020-08-20,TENB,34.23,35.4,34.1041,35.1,940194
2020-08-21,TENB,35.09,35.48,34.08,34.555,677966
2020-08-24,TENB,35.28,35.73,34.61,35.37,515352
2020-08-25,TENB,35.1,35.695,34.955,35.49,703507
2020-08-26,TENB,35.76,37.1,35.75,36.74,1359139
2020-08-27,TENB,36.95,36.95,35.3,36.25,668397
2020-08-28,TENB,36.73,37.7,36.32,37.44,1019303
2020-08-31,TENB,38.01,38.01,37.2,37.64,802411
2020-09-01,TENB,37.99,40.12,37.275,39.91,2062424
2020-09-02,TENB,39.86,41.8,39.435,41.34,1434751
2020-09-03,TENB,40.36,41.0,38.71,39.53,1538596
2020-09-04,TENB,39.25,39.58,36.42,37.21,1133615
2020-09-08,TENB,36.27,36.64,35.35,35.36,1091904
2020-09-09,TENB,36.34,36.87,35.71,36.57,619346
2020-09-10,TENB,37.0,37.96,36.43,36.51,806692
2020-09-11,TENB,36.63,36.92,35.09,35.57,563959
2020-09-14,TENB,36.44,37.35,35.98,36.75,743752
2020-09-15,TENB,37.1,38.0,37.01,37.71,527038
2020-09-16,TENB,37.88,38.76,37.76,37.8,864810
2020-09-17,TENB,36.94,37.94,35.2406,37.53,698782
2020-09-18,TENB,37.92,38.03,36.8,37.73,2058624
2020-09-21,TENB,37.09,38.41,36.44,38.28,691038
2020-09-22,TENB,38.73,38.88,37.9,38.84,487251
2020-09-23,TENB,38.61,38.99,36.77,36.85,779760
2020-09-24,TENB,36.32,36.92,35.53,35.96,670695
2020-09-25,TENB,36.35,37.53,36.22,37.31,652235
2020-09-28,TENB,38.63,38.63,37.86,38.41,784108
2020-09-29,TENB,38.29,38.66,37.97,38.23,819447
2020-09-30,TENB,38.15,38.575,37.35,37.75,617617
2020-10-01,TENB,38.36,38.91,37.7,38.9,1114694
2020-10-02,TENB,38.02,39.67,37.92,38.11,609854
2020-10-05,TENB,37.735,39.41,37.51,39.0,706980
2020-10-06,TENB,39.08,40.99,39.08,40.1,781846
2020-10-07,TENB,40.55,42.05,40.34,41.33,1406247
2020-10-08,TENB,41.66,42.13,39.83,39.92,629475
2020-10-09,TENB,40.24,40.86,39.93,40.81,652471
2020-10-12,TENB,41.61,41.81,40.75,41.47,674309
2020-10-13,TENB,41.6,42.39,41.17,41.6,746592
2020-10-14,TENB,41.93,42.17,40.55,40.84,349210
2020-10-15,TENB,39.82,40.17,39.0,39.84,428124
2020-10-16,TENB,39.91,40.09,38.65,38.77,618443
2020-10-19,TENB,38.94,39.67,36.63,37.07,1130676
2020-10-20,TENB,37.34,37.82,36.94,36.98,860609
2020-10-21,TENB,37.08,37.53,35.97,36.33,591841
2020-10-22,TENB,36.49,37.36,35.8,37.26,831574
2020-10-23,TENB,37.47,37.68,36.885,37.1,875866
2020-10-26,TENB,36.68,37.08,35.93,36.6,1561035
2020-10-27,TENB,37.3,37.72,36.49,37.26,1492283
2020-10-28,TENB,38.93,38.93,35.33,35.9,1939407
2020-10-29,TENB,35.92,36.93,34.86,34.92,988184
2020-10-30,TENB,34.7,34.73,33.57,34.11,1079078
2020-11-02,TENB,34.08,35.06,33.62,34.46,971343
2020-11-03,TENB,34.82,36.35,34.51,36.12,641705
2020-11-04,TENB,37.65,38.65,36.73,37.66,947354
2020-11-05,TENB,38.37,39.45,37.86,39.17,482657
2020-11-06,TENB,39.1,39.12,37.58,38.49,534269
2020-11-09,TENB,38.72,39.85,36.28,36.33,1108874
2020-11-10,TENB,36.19,36.425,33.86,34.32,1247657
2020-11-11,TENB,34.77,35.92,34.72,35.02,1229618
2020-11-12,TENB,35.31,36.09,34.4721,35.01,588045
2020-11-13,TENB,35.18,35.65,34.55,34.68,1527724
2020-11-16,TENB,34.7,34.91,34.14,34.82,1229581
2020-11-17,TENB,34.86,35.24,34.5,34.92,820226
2020-11-18,TENB,34.82,35.315,34.44,34.5,853384
2020-11-19,TENB,34.88,35.7,34.6,35.46,590754
2020-11-20,TENB,35.21,36.2,35.01,35.83,487522
2020-11-23,TENB,35.89,35.99,34.57,34.75,794995
2020-11-24,TENB,34.8,34.93,34.14,34.43,864498
2020-11-25,TENB,34.02,35.2,33.25,35.11,1422829
2020-11-27,TENB,35.27,36.15,34.89,35.91,405340
2020-11-30,TENB,36.03,36.29,34.81,36.01,871050
2020-12-01,TENB,35.92,36.19,34.7,36.02,1440884
2020-12-02,TENB,35.9,36.23,35.0,36.12,374814
2020-12-03,TENB,36.34,38.25,36.24,37.37,465922
2020-12-04,TENB,37.51,38.13,37.25,38.0,625045
2020-12-07,TENB,38.15,39.269,37.45,37.72,776889
2020-12-08,TENB,37.65,38.66,37.59,38.45,519004
2020-12-09,TENB,38.49,38.7,36.5,36.84,412026
2020-12-10,TENB,36.43,37.615,35.8584,37.505,326837
2020-12-11,TENB,37.28,37.93,36.78,37.4,390025
2020-12-14,TENB,37.45,39.61,37.45,39.42,698763
2020-12-15,TENB,39.46,40.62,39.15,40.44,1034192
2020-12-16,TENB,40.55,41.85,40.12,41.58,1139587
2020-12-17,TENB,42.0,43.19,41.48,42.8,1021332
2020-12-18,TENB,43.78,51.94,43.74,51.85,6412812
2020-12-21,TENB,50.9,53.1,50.75,52.51,1952149
2020-12-22,TENB,53.23,55.66,52.7306,55.51,1706529
2020-12-23,TENB,55.75,56.99,54.32,54.97,1129194
2020-12-24,TENB,55.7186,55.81,54.16,54.68,228293
2020-12-28,TENB,55.46,55.77,53.37,53.43,534160
2020-12-29,TENB,53.45,54.39,50.34,51.17,791091
2020-12-30,TENB,51.18,53.03,51.18,52.19,532820
2020-12-31,TENB,52.34,52.69,51.36,52.26,492534
2021-01-04,TENB,53.0,54.05,50.6774,52.24,1349129
2021-01-05,TENB,52.62,53.08,51.04,51.44,461227
2021-01-06,TENB,50.86,51.86,49.57,50.92,888631
2021-01-07,TENB,51.57,53.26,51.545,52.88,810772
2021-01-08,TENB,54.3524,55.04,53.46,54.31,578325
2021-01-11,TENB,54.27,55.5,52.07,54.99,782466
2021-01-12,TENB,55.11,55.95,54.03,54.88,588970
2021-01-13,TENB,54.74,55.15,52.9,53.51,725697
2021-01-14,TENB,53.59,54.77,53.51,54.36,441596
2021-01-15,TENB,54.26,54.92,52.95,53.77,598264
2021-01-19,TENB,54.65,58.4499,53.99,56.26,1805249
2021-01-20,TENB,56.7,57.43,55.38,56.18,742698
2021-01-21,TENB,56.53,56.845,55.43,55.59,392848
2021-01-22,TENB,55.37,55.56,52.94,53.67,902642
2021-01-25,TENB,53.85,55.18,50.58,51.55,843449
2021-01-26,TENB,52.765,53.38,48.32,48.49,1340599
2021-01-27,TENB,47.67,50.19,45.26,48.44,1423294
2021-01-28,TENB,49.33,51.4,48.27,50.58,966913
2021-01-29,TENB,50.8,51.19,49.1,49.49,702611
2021-02-01,TENB,49.76,50.945,49.0,50.77,849928
2021-02-02,TENB,52.12,52.95,51.54,52.79,1073410
2021-02-03,TENB,48.28,49.5,45.85,46.69,3848618
2021-02-04,TENB,48.13,48.33,46.46,47.66,1287539
2021-02-05,TENB,47.71,48.5,46.16,46.25,2139916
2021-02-08,TENB,46.35,46.96,44.42,45.56,1823575
2021-02-09,TENB,45.28,45.87,44.06,45.82,1276276
2021-02-10,TENB,46.49,46.54,44.16,44.53,1074319
2021-02-11,TENB,44.8,47.19,44.7,46.7,1670956
2021-02-12,TENB,46.33,46.62,44.31,45.53,819006
2021-02-16,TENB,46.44,46.46,44.25,44.93,1055382
2021-02-17,TENB,45.02,45.106,43.52,43.85,1157223
2021-02-18,TENB,43.205,44.3551,42.7,44.0,1316298
2021-02-19,TENB,44.0,44.98,43.51,44.84,1095854
2021-02-22,TENB,44.88,44.88,42.51,42.86,1343551
2021-02-23,TENB,41.655,42.69,40.0,42.18,1907724
2021-02-24,TENB,41.83,42.46,40.87,42.36,1215220
2021-02-25,TENB,42.09,42.69,40.385,40.65,1479745
2021-02-26,TENB,41.12,41.55,40.06,40.91,1446342
2021-03-01,TENB,41.93,42.22,40.92,41.43,1225394
2021-03-02,TENB,41.76,41.98,40.62,40.63,1202950
2021-03-03,TENB,40.12,40.82,39.425,39.54,2078620
2021-03-04,TENB,39.225,40.23,37.29,38.15,1944171
2021-03-05,TENB,37.6,39.18,37.05,39.05,1514130
2021-03-08,TENB,39.0,39.31,37.31,37.58,1731024
2021-03-09,TENB,40.38,41.36,39.82,41.0,1973163
2021-03-10,TENB,41.45,42.49,39.93,40.23,1055473
2021-03-11,TENB,41.69,41.99,41.02,41.41,653622
2021-03-12,TENB,40.51,41.0,40.08,40.85,572877
2021-03-15,TENB,40.5,41.07,39.86,40.13,955116
2021-03-16,TENB,40.33,41.13,39.59,40.28,630866
2021-03-17,TENB,39.65,40.8167,38.45,40.43,1441535
2021-03-18,TENB,39.89,40.24,38.09,38.14,888961
2021-03-19,TENB,37.9,39.205,37.555,37.74,1887012
2021-03-22,TENB,37.86,39.5,37.86,38.81,762813
2021-03-23,TENB,38.68,39.41,38.04,38.79,941652
2021-03-24,TENB,39.31,39.985,37.56,37.59,659169
2021-03-25,TENB,36.84,38.27,36.28,37.58,1323169
2021-03-26,TENB,38.13,38.505,36.93,37.8,903731
2021-03-29,TENB,37.56,37.57,36.15,36.36,1085198
2021-03-30,TENB,36.07,36.12,35.32,35.84,1755607
2021-03-31,TENB,36.41,36.8,36.0,36.185,1539478
2021-04-01,TENB,36.73,37.8,36.72,37.46,738623
2021-04-05,TENB,37.84,37.9999,36.52,37.07,638394
2021-04-06,TENB,37.02,38.11,36.85,37.44,520546
2021-04-07,TENB,37.62,37.64,37.0,37.52,600505
2021-04-08,TENB,38.0,38.55,37.78,38.45,843260
2021-04-09,TENB,37.805,38.56,37.39,37.91,764955
2021-04-12,TENB,37.58,38.8,37.5,38.56,532462
2021-04-13,TENB,38.91,39.54,38.57,39.36,1212768
2021-04-14,TENB,39.49,40.33,39.24,39.81,652229
2021-04-15,TENB,40.5,41.07,40.2,40.74,554508
2021-04-16,TENB,40.87,41.52,40.42,41.43,818374
2021-04-19,TENB,40.86,41.5,40.2467,40.77,702194
2021-04-20,TENB,40.77,41.19,38.94,39.36,1327525
2021-04-21,TENB,39.29,40.14,38.8,40.07,1526341
2021-04-22,TENB,40.28,41.05,39.94,40.35,1684804
2021-04-23,TENB,40.71,41.085,40.03,40.65,858797
2021-04-26,TENB,42.16,43.75,41.92,43.12,2114615
2021-04-27,TENB,42.81,43.35,41.155,41.7,1289612
2021-04-28,TENB,42.49,42.6,39.48,39.61,2256077
2021-04-29,TENB,39.75,39.76,38.16,38.9,1279426
2021-04-30,TENB,38.59,38.96,37.475,37.495,1461801
2021-05-03,TENB,37.73,38.155,37.23,37.77,1060562
2021-05-04,TENB,37.2,37.38,36.27,36.875,846529
2021-05-05,TENB,37.21,37.35,36.19,36.52,1242810
2021-05-06,TENB,36.32,36.9,35.525,36.87,1531149
2021-05-07,TENB,37.67,37.93,37.07,37.1,1368613
2021-05-10,TENB,36.87,38.6,36.77,37.38,1284071
2021-05-11,TENB,36.02,38.94,35.93,38.79,956475
2021-05-12,TENB,38.18,38.58,37.79,38.23,779549
2021-05-13,TENB,38.69,39.57,38.06,38.67,904308
2021-05-14,TENB,39.12,40.0,38.96,39.72,638208
2021-05-17,TENB,39.42,39.84,38.45,39.25,825492
2021-05-18,TENB,39.55,40.96,39.395,39.72,1191784
2021-05-19,TENB,39.16,39.68,38.43,39.65,911448
2021-05-20,TENB,39.94,40.77,39.94,40.67,558151
2021-05-21,TENB,41.21,41.73,40.87,41.12,670936
2021-05-24,TENB,41.3,42.07,41.0,41.48,661699
2021-05-25,TENB,40.96,41.88,40.23,40.3,1343546
2021-05-26,TENB,40.75,42.88,40.62,42.3,1111448
2021-05-27,TENB,42.16,42.3,41.13,42.05,645804
2021-05-28,TENB,42.44,42.54,41.71,41.8,357941
2021-06-01,TENB,41.82,41.99,40.59,41.23,1022631
2021-06-02,TENB,41.17,41.47,40.66,40.99,570911
2021-06-03,TENB,40.63,40.7,39.78,40.38,516147
2021-06-04,TENB,40.94,42.06,40.72,41.78,634793
2021-06-07,TENB,41.44,42.78,41.44,42.6,1355085
2021-06-08,TENB,43.0,43.58,42.6305,42.96,457063
2021-06-09,TENB,43.22,43.42,42.04,42.27,861133
2021-06-10,TENB,42.43,43.07,42.26,42.99,374705
2021-06-11,TENB,43.09,43.73,42.33,43.47,1113221
2021-06-14,TENB,43.36,43.93,42.82,43.88,1232042
2021-06-15,TENB,43.88,43.99,42.86,42.9,583214
2021-06-16,TENB,42.88,43.72,42.015,42.9,1417428
2021-06-17,TENB,42.28,43.38,42.14,43.32,1122766
2021-06-18,TENB,43.36,44.305,42.985,43.8,2089419
2021-06-21,TENB,43.3985,43.95,42.73,43.57,1058015
2021-06-22,TENB,43.77,45.14,43.01,45.02,1230920
2021-06-23,TENB,44.81,45.29,43.91,44.36,1032573
2021-06-24,TENB,44.76,44.95,43.01,43.5,1070126
2021-06-25,TENB,43.71,44.18,42.71,43.69,3391499
2021-06-28,TENB,44.17,44.36,42.67,42.93,986085
2021-06-29,TENB,42.66,42.95,41.28,42.04,1719969
2021-06-30,TENB,42.15,42.27,41.05,41.35,742554
2021-07-01,TENB,41.555,41.555,40.45,40.7,941796
2021-07-02,TENB,40.84,41.09,40.16,40.56,1097848
2021-07-06,TENB,41.14,42.79,40.65,42.71,1255109
2021-07-07,TENB,43.14,43.83,41.8,42.46,1202810
2021-07-08,TENB,41.7,42.245,40.57,41.93,752137
2021-07-09,TENB,41.96,42.02,41.29,41.94,671662
2021-07-12,TENB,42.31,42.33,41.02,41.2,522269
2021-07-13,TENB,41.13,41.33,40.68,40.89,536160
2021-07-14,TENB,41.04,41.04,39.72,39.74,605034
2021-07-15,TENB,39.82,40.21,39.23,39.65,1072628
2021-07-16,TENB,40.01,40.32,39.37,39.5,613369
2021-07-19,TENB,39.32,39.97,38.77,39.83,531206
2021-07-20,TENB,40.66,42.7,40.07,42.11,1085556
2021-07-21,TENB,41.86,43.17,41.535,43.12,1224549
2021-07-22,TENB,43.44,44.4,43.29,43.96,951504
2021-07-23,TENB,44.38,46.09,44.01,46.02,1475611
2021-07-26,TENB,45.85,46.01,45.12,45.3,1094081
2021-07-27,TENB,45.31,45.55,43.55,44.6,1638556
2021-07-28,TENB,46.9,47.1,43.4,45.04,1976407
2021-07-29,TENB,44.38,44.88,43.48,43.87,1075488
2021-07-30,TENB,43.35,44.44,42.56,42.8,1137628
2021-08-02,TENB,42.81,45.755,42.0817,45.0,2076144
2021-08-03,TENB,44.91,45.29,44.18,45.22,921300
2021-08-04,TENB,45.1,46.01,44.675,45.59,1849804
2021-08-05,TENB,45.41,45.41,43.375,43.82,1832436
2021-08-06,TENB,43.76,44.28,42.37,43.09,1792206
2021-08-09,TENB,43.16,44.0,42.9,43.09,683337
2021-08-10,TENB,43.66,43.66,41.53,42.03,976453
2021-08-11,TENB,42.14,42.275,41.45,41.63,504426
2021-08-12,TENB,41.45,42.57,41.38,42.11,1297770
2021-08-13,TENB,42.3,43.06,41.95,42.82,317224
2021-08-16,TENB,42.5,42.62,41.25,41.59,1289027
2021-08-17,TENB,41.14,41.43,40.75,40.97,431442
2021-08-18,TENB,40.94,41.42,40.37,40.75,394368
2021-08-19,TENB,40.49,41.08,40.17,40.28,405097
2021-08-20,TENB,40.22,40.725,40.0545,40.52,564554
2021-08-23,TENB,40.65,41.7,40.62,41.62,607346
2021-08-24,TENB,42.09,42.915,42.09,42.59,569673
2021-08-25,TENB,43.35,43.89,43.29,43.57,624543
2021-08-26,TENB,43.41,44.17,43.395,43.72,596543
2021-08-27,TENB,43.97,44.98,43.805,44.71,611893
2021-08-30,TENB,44.86,45.34,44.74,44.86,801587
2021-08-31,TENB,44.7,44.75,44.08,44.37,745035
2021-09-01,TENB,44.34,45.225,44.34,45.15,675262
2021-09-02,TENB,45.72,45.99,44.93,45.87,646166
2021-09-03,TENB,45.81,46.84,45.7001,46.74,484373
2021-09-07,TENB,46.91,47.0,45.78,46.84,842543
2021-09-08,TENB,46.82,46.9194,46.03,46.08,783989
2021-09-09,TENB,46.0,47.29,45.98,46.92,879255
2021-09-10,TENB,47.3,47.67,46.0401,46.06,747111
2021-09-13,TENB,46.64,48.95,46.45,48.22,1629480
2021-09-14,TENB,48.47,49.06,46.55,46.7,1004340
2021-09-15,TENB,46.442,47.69,46.442,47.45,1268931
2021-09-16,TENB,47.4,47.68,46.8701,47.2,968120
2021-09-17,TENB,47.39,47.77,46.37,46.54,4525703
2021-09-20,TENB,45.2,45.94,43.92,44.87,1341418
2021-09-21,TENB,44.925,46.26,44.925,45.17,1090445
2021-09-22,TENB,45.07,46.07,44.51,45.62,811569
2021-09-23,TENB,46.0,46.495,45.39,46.46,489488
2021-09-24,TENB,47.19,48.31,46.79,48.18,778807
2021-09-27,TENB,47.71,48.07,47.115,47.82,561334
2021-09-28,TENB,47.03,47.44,45.87,45.96,764987
2021-09-29,TENB,46.42,46.59,45.39,45.55,444414
2021-09-30,TENB,45.63,46.49,45.55,46.14,868121
2021-10-01,TENB,46.37,46.9,45.99,46.63,593462
2021-10-04,TENB,46.6,46.6,44.645,45.37,679248
2021-10-05,TENB,46.14,47.26,46.13,47.15,625914
2021-10-06,TENB,46.47,47.97,46.45,47.52,633176
2021-10-07,TENB,48.02,49.33,47.93,49.0,686481
2021-10-08,TENB,49.09,49.1,48.27,48.32,339930
2021-10-11,TENB,48.09,48.59,47.35,47.67,342197
2021-10-12,TENB,48.3,49.2,47.83,48.86,685216
2021-10-13,TENB,49.345,50.99,48.87,50.53,1096734
2021-10-14,TENB,51.31,51.92,50.88,51.75,865284
2021-10-15,TENB,52.17,52.21,50.61,50.85,600791
2021-10-18,TENB,50.79,51.75,50.71,51.52,428955
2021-10-19,TENB,51.58,51.8,50.83,51.17,336636
2021-10-20,TENB,51.6,52.0,51.06,51.3,522454
2021-10-21,TENB,51.25,52.18,51.08,51.89,594525
2021-10-22,TENB,51.91,53.05,51.67,51.85,576004
2021-10-25,TENB,51.99,54.14,51.75,52.98,880968
2021-10-26,TENB,53.5,53.55,51.36,51.75,1511946
2021-10-27,TENB,55.0,55.58,51.94,52.33,2022784
2021-10-28,TENB,52.5,55.19,52.07,53.68,1052661
2021-10-29,TENB,53.0,54.3,52.92,53.25,740090
2021-11-01,TENB,53.39,53.67,52.46,53.52,853346
2021-11-02,TENB,53.5,53.56,52.0001,52.93,737245
2021-11-03,TENB,52.92,54.31,52.515,54.11,1007505
2021-11-04,TENB,54.54,55.15,54.06,54.89,832842
2021-11-05,TENB,53.89,55.71,53.89,55.7,1135884
2021-11-08,TENB,56.0,56.66,55.57,56.11,683299
2021-11-09,TENB,55.76,56.84,55.199,55.79,689600
2021-11-10,TENB,55.69,56.0,53.634,54.06,670148
2021-11-11,TENB,54.6,55.17,54.22,54.45,496005
2021-11-12,TENB,54.89,54.97,53.83,54.44,713651
2021-11-15,TENB,53.8732,54.64,53.155,53.97,776550
2021-11-16,TENB,54.03,54.96,53.8,54.26,840238
2021-11-17,TENB,54.3,54.3,52.75,53.3,922921
2021-11-18,TENB,53.59,54.25,52.76,54.21,735851
2021-11-19,TENB,54.32,54.81,53.8,54.65,538751
2021-11-22,TENB,54.908,55.01,52.955,53.38,1682930
2021-11-23,TENB,52.86,52.86,49.595,50.76,805019
2021-11-24,TENB,50.41,51.86,49.85,51.32,526537
2021-11-26,TENB,50.485,51.74,49.36,50.08,394418
2021-11-29,TENB,51.03,51.26,50.46,50.58,554968
2021-11-30,TENB,50.53,50.72,48.89,49.4,1198869
2021-12-01,TENB,50.2,50.5,46.2,46.68,922698
2021-12-02,TENB,46.61,48.835,45.93,48.66,1051281
2021-12-03,TENB,48.75,49.0,45.05,46.23,950800
2021-12-06,TENB,46.08,47.37,44.6,47.23,726054
2021-12-07,TENB,48.46,50.24,48.46,49.72,1031752
2021-12-08,TENB,49.65,49.83,48.25,49.45,688080
2021-12-09,TENB,49.11,49.57,47.38,47.96,589550
2021-12-10,TENB,48.0,48.73,47.16,47.44,731997
2021-12-13,TENB,47.66,50.1,47.52,49.27,1108025
2021-12-14,TENB,48.24,48.345,46.31,47.53,912555
2021-12-15,TENB,47.56,51.82,47.11,51.59,1480962
2021-12-16,TENB,53.42,53.86,50.51,51.18,2189987
2021-12-17,TENB,51.32,54.5,50.575,53.86,3059136
2021-12-20,TENB,53.245,54.23,52.34,53.7,878671
2021-12-21,TENB,53.96,55.51,52.96,55.29,820768
2021-12-22,TENB,55.25,56.25,54.57,55.71,806954
2021-12-23,TENB,55.79,56.24,55.27,55.38,724923
2021-12-27,TENB,55.91,56.17,55.09,55.88,578401
2021-12-28,TENB,56.41,56.9089,55.05,55.46,486635
2021-12-29,TENB,56.37,56.62,54.85,55.65,617426
2021-12-30,TENB,55.68,56.87,55.5,56.04,569320
2021-12-31,TENB,55.93,56.29,54.89,55.07,582091
2022-01-03,TENB,55.12,55.465,53.27,53.69,728530
2022-01-04,TENB,53.49,53.85,50.11,50.58,1415262
2022-01-05,TENB,49.89,50.26,47.25,47.83,1046319
2022-01-06,TENB,48.06,50.43,47.555,49.59,1266639
2022-01-07,TENB,49.56,51.49,49.135,49.47,1056358
2022-01-10,TENB,48.23,52.02,47.96,51.77,1184141
2022-01-11,TENB,51.125,52.6983,50.86,52.2,882244
2022-01-12,TENB,52.88,53.51,51.44,52.06,1263407
2022-01-13,TENB,52.15,53.0,50.26,50.36,919407
2022-01-14,TENB,49.86,50.57,48.05,48.96,854068
2022-01-18,TENB,48.14,49.99,47.21,49.3,758976
2022-01-19,TENB,49.47,51.0,48.91,48.96,721452
2022-01-20,TENB,49.95,51.4,49.4,49.57,573757
2022-01-21,TENB,48.76,49.3416,47.28,47.63,1067338
2022-01-24,TENB,46.76,49.745,45.41,49.48,985971
2022-01-25,TENB,48.42,48.68,45.8,45.81,938165
2022-01-26,TENB,47.3,48.31,45.66,45.92,692775
2022-01-27,TENB,46.63,47.47,44.59,44.99,1116200
2022-01-28,TENB,45.37,48.35,44.35,48.35,1311089
2022-01-31,TENB,48.86,51.5,48.1,51.4,1459952
2022-02-01,TENB,51.56,52.58,50.39,51.92,1402556
2022-02-02,TENB,51.96,54.5,49.69,50.46,2422150
2022-02-03,TENB,48.74,51.79,48.51,50.88,864086
2022-02-04,TENB,51.14,51.8,50.43,50.65,1200982
2022-02-07,TENB,50.57,51.6611,50.02,50.72,997996
2022-02-08,TENB,50.32,51.32,50.02,50.58,819050
2022-02-09,TENB,51.36,52.22,50.76,52.19,548987
2022-02-10,TENB,51.09,52.49,50.52,51.22,937506
2022-02-11,TENB,51.33,51.9,48.74,49.1,918951
2022-02-14,TENB,48.92,50.98,48.92,50.21,565756
2022-02-15,TENB,51.03,51.16,49.72,50.64,473985
2022-02-16,TENB,49.91,50.13,48.84,50.01,543351
2022-02-17,TENB,49.5,49.64,47.115,47.41,568185
2022-02-18,TENB,47.24,47.4016,45.03,45.46,1273534
2022-02-22,TENB,44.6,47.11,44.48,46.15,1168746
2022-02-23,TENB,47.13,47.77,44.87,44.97,669052
2022-02-24,TENB,43.5,51.55,43.16,50.69,2046222
2022-02-25,TENB,51.22,52.25,49.51,52.14,2225140
2022-02-28,TENB,52.5,55.59,52.3142,55.36,2878893
2022-03-01,TENB,55.5,57.35,55.465,56.19,2028895
2022-03-02,TENB,56.23,57.53,54.71,57.34,1309859
2022-03-03,TENB,57.56,57.7,55.08,55.76,1121229
2022-03-04,TENB,55.96,56.98,54.05,55.57,987720
2022-03-07,TENB,55.73,56.78,54.0,54.34,1346824
2022-03-08,TENB,53.65,56.22,53.29,54.51,1820769
2022-03-09,TENB,54.9,55.9,53.7,54.65,981415
2022-03-10,TENB,54.69,55.13,53.07,53.36,1283124
2022-03-11,TENB,53.47,54.21,52.06,52.11,796960
2022-03-14,TENB,51.4,51.47,47.26,48.27,1634135
2022-03-15,TENB,48.49,50.185,47.75,50.16,1041032
2022-03-16,TENB,50.59,51.85,48.45,50.37,1481694
2022-03-17,TENB,50.4,52.44,49.54,52.31,1306986
2022-03-18,TENB,52.49,54.53,52.2,53.97,5973800
2022-03-21,TENB,53.96,55.86,53.1,55.53,1176684
2022-03-22,TENB,55.35,57.79,55.09,57.24,1539556
2022-03-23,TENB,56.88,58.35,55.36,57.08,1012453
2022-03-24,TENB,57.11,58.92,56.62,58.67,1245371
2022-03-25,TENB,58.76,58.94,55.86,57.35,837321
2022-03-28,TENB,57.16,58.62,56.6,57.19,598584
2022-03-29,TENB,57.53,57.9,55.87,57.69,729660
2022-03-30,TENB,57.2,58.16,56.15,56.85,659770
2022-03-31,TENB,57.78,58.53,56.485,57.79,820784
2022-04-01,TENB,57.6,59.26,57.43,58.76,908094
2022-04-04,TENB,59.07,60.37,58.1601,59.84,1632521
2022-04-05,TENB,59.97,60.01,57.34,57.86,705787
2022-04-06,TENB,57.04,57.04,54.87,55.58,1085587
2022-04-07,TENB,55.49,57.865,55.3455,56.85,770580
2022-04-08,TENB,56.94,57.49,56.01,56.27,587783
2022-04-11,TENB,56.27,59.49,55.8,58.39,1430784
2022-04-12,TENB,59.86,61.69,59.52,60.97,1626764
2022-04-13,TENB,61.765,63.01,60.97,62.66,1727984
2022-04-14,TENB,62.87,63.61,60.69,60.99,1136687
2022-04-18,TENB,60.78,61.125,58.27,58.52,1120784
2022-04-19,TENB,58.44,61.92,58.21,61.69,1219248
2022-04-20,TENB,62.16,62.37,59.91,60.53,594917
2022-04-21,TENB,61.6,61.6,57.97,58.53,1565706
2022-04-22,TENB,58.24,58.76,56.56,57.0,873373
2022-04-25,TENB,56.47,58.54,56.21,57.92,812974
2022-04-26,TENB,57.23,57.57,54.83,55.52,1361505
2022-04-27,TENB,55.68,58.13,54.26,56.71,1966264
2022-04-28,TENB,57.5,60.075,57.16,58.64,1630690
2022-04-29,TENB,58.33,59.65,55.02,55.23,883760
2022-05-02,TENB,55.23,56.48,54.33,56.35,740254
2022-05-03,TENB,56.15,57.05,55.17,55.47,1057431
2022-05-04,TENB,55.63,57.21,52.26,56.84,1475822
2022-05-05,TENB,55.93,56.13,50.42,51.63,1412978
2022-05-06,TENB,50.96,50.96,47.14,48.47,1885079
2022-05-09,TENB,47.41,47.79,42.04,42.76,2244228
2022-05-10,TENB,44.43,44.84,41.745,43.69,1331102
2022-05-11,TENB,43.05,44.54,41.67,42.04,1177968
2022-05-12,TENB,41.13,44.18,41.04,42.67,1163264
2022-05-13,TENB,43.73,47.575,43.68,47.17,2021694
2022-05-16,TENB,46.73,47.63,45.56,46.28,1027303
2022-05-17,TENB,47.49,47.87,43.3375,44.78,1688593
2022-05-18,TENB,43.76,45.03,43.08,44.34,1387264
2022-05-19,TENB,44.11,47.23,43.59,45.61,916910
2022-05-20,TENB,47.0,48.63,46.07,47.32,1201418
2022-05-23,TENB,47.13,49.44,46.555,49.18,1128786
2022-05-24,TENB,48.48,49.6,47.4672,48.87,1165187
2022-05-25,TENB,48.45,50.32,47.45,49.45,770292
2022-05-26,TENB,49.41,50.34,47.42,49.5,862796
2022-05-27,TENB,50.33,52.8,50.33,52.56,1340852
2022-05-31,TENB,52.3,52.79,49.66,50.3,1641709
2022-06-01,TENB,50.92,51.97,49.89,50.46,880459
2022-06-02,TENB,50.31,53.48,50.16,52.8,892108
2022-06-03,TENB,52.06,53.26,51.23,52.2,944933
2022-06-06,TENB,53.0,53.75,50.84,51.44,699959
2022-06-07,TENB,50.59,52.43,49.99,51.87,632913
2022-06-08,TENB,51.39,52.29,50.97,51.37,548558
2022-06-09,TENB,50.79,51.37,49.32,49.45,633226
2022-06-10,TENB,48.16,48.62,45.95,46.26,946650
2022-06-13,TENB,44.07,45.61,43.41,44.24,1498996
2022-06-14,TENB,44.29,44.39,42.445,43.24,1202674
2022-06-15,TENB,44.17,46.51,43.94,45.37,1056497
2022-06-16,TENB,43.26,44.75,43.13,43.69,1000035
2022-06-17,TENB,44.34,46.0,43.79,45.62,2084744
2022-06-21,TENB,46.24,47.63,46.0,46.6,760103
2022-06-22,TENB,45.83,48.06,45.72,46.97,810368
2022-06-23,TENB,47.29,49.91,46.66,49.47,788380
2022-06-24,TENB,49.66,51.7,49.65,50.24,3271833
2022-06-27,TENB,50.29,50.49,48.49,49.87,894140
2022-06-28,TENB,49.89,50.255,46.94,47.35,758160
2022-06-29,TENB,47.01,47.69,45.82,46.71,984758
2022-06-30,TENB,45.94,46.58,44.36,45.41,1009862
2022-07-01,TENB,45.16,46.59,44.735,46.16,614502
2022-07-05,TENB,45.46,48.13,45.09,48.04,775429
2022-07-06,TENB,48.07,49.36,47.69,48.94,679671
2022-07-07,TENB,48.99,52.55,48.93,51.82,1236965
2022-07-08,TENB,50.94,52.145,50.315,51.69,746999
2022-07-11,TENB,51.0,51.99,50.1701,51.16,1256327
2022-07-12,TENB,51.35,52.1875,45.69,46.72,2085458
2022-07-13,TENB,45.62,47.35,44.4,46.78,892766
2022-07-14,TENB,46.18,47.05,44.415,46.31,936295
2022-07-15,TENB,47.06,47.23,45.67,46.92,783818
2022-07-18,TENB,46.37,47.575,45.42,46.0,1123088
2022-07-19,TENB,47.08,47.16,45.45,47.08,842315
2022-07-20,TENB,47.16,49.42,46.2,48.84,1215902
2022-07-21,TENB,48.84,50.11,48.14,50.11,648967
2022-07-22,TENB,50.22,50.615,48.38,48.79,639739
2022-07-25,TENB,48.93,48.93,47.68,48.15,748694
2022-07-26,TENB,48.12,48.12,44.55,44.83,1661180
2022-07-27,TENB,39.51,40.0,36.67,37.84,4187467
2022-07-28,TENB,38.39,39.75,37.435,38.31,1922842
2022-07-29,TENB,38.39,39.14,37.72,38.65,1508205
2022-08-01,TENB,38.22,39.0,37.91,38.2,716380
2022-08-02,TENB,37.51,39.335,37.51,38.94,663329
2022-08-03,TENB,39.16,42.62,39.16,42.21,1563574
2022-08-04,TENB,41.95,42.74,40.325,41.98,1047894
2022-08-05,TENB,41.25,43.24,40.8,43.02,896979
2022-08-08,TENB,43.29,44.8,43.1707,43.28,1093151
2022-08-09,TENB,42.08,43.15,42.04,42.49,582632
2022-08-10,TENB,43.63,45.43,43.465,44.24,817127
2022-08-11,TENB,44.3,45.0,42.4106,42.83,675965
2022-08-12,TENB,43.09,44.34,42.49,44.24,499820
2022-08-15,TENB,44.06,44.75,43.03,44.32,941471
2022-08-16,TENB,43.81,44.45,42.63,43.85,467168
2022-08-17,TENB,42.88,43.1193,41.36,42.42,1051538
2022-08-18,TENB,42.27,42.9,41.95,42.57,572256
2022-08-19,TENB,42.02,42.13,40.83,41.36,865482
2022-08-22,TENB,40.51,41.3,40.11,40.8,968008
2022-08-23,TENB,41.26,42.27,41.19,41.52,735311
2022-08-24,TENB,41.72,41.91,41.32,41.72,465921
2022-08-25,TENB,42.28,42.55,41.535,41.62,364704
2022-08-26,TENB,41.74,41.79,40.48,40.72,417103
2022-08-29,TENB,40.29,40.98,39.62,39.95,607591
2022-08-30,TENB,40.35,40.6,39.42,40.13,564821
2022-08-31,TENB,40.655,41.37,39.325,39.61,896717
2022-09-01,TENB,38.78,39.02,36.24,37.19,1286334
2022-09-02,TENB,37.92,38.13,36.37,37.43,996087
2022-09-06,TENB,37.5,38.405,37.31,37.5,715979
2022-09-07,TENB,37.42,38.335,37.04,38.24,507642
2022-09-08,TENB,37.81,39.43,37.64,39.36,692756
2022-09-09,TENB,39.95,41.7,39.78,41.68,979447
2022-09-12,TENB,41.87,42.99,41.6469,42.17,745312
2022-09-13,TENB,40.19,41.15,40.19,40.64,793645
2022-09-14,TENB,40.64,40.76,39.27,39.99,795523
2022-09-15,TENB,39.02,40.325,38.63,39.15,688532
2022-09-16,TENB,38.28,38.49,36.81,37.21,3174588
2022-09-19,TENB,36.82,38.67,36.77,38.47,642964
2022-09-20,TENB,38.27,38.47,37.54,37.89,478362
2022-09-21,TENB,38.18,38.51,37.0,37.04,602303
2022-09-22,TENB,36.64,36.745,35.25,35.5,993660
2022-09-23,TENB,35.08,35.23,34.115,34.7,960346
2022-09-26,TENB,34.49,35.245,33.725,34.56,1131476
2022-09-27,TENB,35.25,35.82,34.7,34.91,606157
2022-09-28,TENB,35.1,35.69,34.69,35.35,651227
2022-09-29,TENB,34.52,34.85,33.8911,34.74,685974
2022-09-30,TENB,34.72,35.9,34.68,34.8,823070
2022-10-03,TENB,35.06,35.89,34.15,35.7,1029935
2022-10-04,TENB,36.76,37.14,36.42,36.82,641706
2022-10-05,TENB,35.93,37.08,35.54,36.95,477305
2022-10-06,TENB,36.71,37.04,36.2,36.25,649845
2022-10-07,TENB,35.33,35.57,33.655,33.9,2359704
2022-10-10,TENB,32.28,32.99,30.4,30.54,1938511
2022-10-11,TENB,30.88,31.37,30.19,30.35,1382834
2022-10-12,TENB,30.25,30.36,29.315,30.18,885175
2022-10-13,TENB,29.12,30.36,28.8,30.21,1400579
2022-10-14,TENB,30.64,30.87,29.11,29.28,777278
2022-10-17,TENB,30.14,32.16,29.62,32.06,1045228
2022-10-18,TENB,32.91,33.795,32.56,33.08,824676
2022-10-19,TENB,32.47,33.01,32.13,32.51,494870
2022-10-20,TENB,32.6,33.49,32.27,32.58,497285
2022-10-21,TENB,32.08,33.18,31.37,32.87,959097
2022-10-24,TENB,32.79,32.98,32.02,32.63,874075
2022-10-25,TENB,33.1,34.32,32.96,34.23,1031676
2022-10-26,TENB,37.12,40.57,35.4015,39.36,2927604
2022-10-27,TENB,40.0,42.12,39.6,40.91,1461585
2022-10-28,TENB,40.91,41.44,39.62,40.56,919021
2022-10-31,TENB,40.0,41.0,39.7,40.64,747240
2022-11-01,TENB,42.0,42.0,39.32,39.89,741008
2022-11-02,TENB,39.62,40.06,38.29,38.3,816419
2022-11-03,TENB,37.24,37.93,35.35,36.12,1465735
2022-11-04,TENB,36.13,37.05,34.77,35.7,1352031
2022-11-07,TENB,36.02,36.26,33.77,34.18,1326533
2022-11-08,TENB,34.61,36.86,34.015,35.8,1863901
2022-11-09,TENB,34.37,35.52,34.17,34.71,802758
2022-11-10,TENB,37.34,38.05,36.55,38.02,927717
2022-11-11,TENB,37.97,40.0,37.535,39.75,1459151
2022-11-14,TENB,39.34,40.09,38.36,38.62,1014381
2022-11-15,TENB,39.57,40.52,39.52,40.33,709119
2022-11-16,TENB,40.06,40.06,38.87,39.32,480715
2022-11-17,TENB,38.15,38.75,37.7,38.03,417909
2022-11-18,TENB,39.22,39.25,38.045,38.9,669377
2022-11-21,TENB,38.49,38.85,37.44,37.95,601382
2022-11-22,TENB,38.11,38.145,36.6269,37.26,807932
2022-11-23,TENB,37.26,38.6,36.91,38.26,279676
2022-11-25,TENB,38.06,38.19,37.675,37.89,143407
2022-11-28,TENB,37.68,38.38,37.2593,37.4,384758
2022-11-29,TENB,37.69,37.98,37.05,37.17,325791
2022-11-30,TENB,36.7,38.27,35.24,38.18,1196669
2022-12-01,TENB,38.18,39.86,37.67,39.68,635716
2022-12-02,TENB,38.72,38.915,37.83,38.36,552961
2022-12-05,TENB,37.9,38.0,36.52,37.26,901439
2022-12-06,TENB,37.55,37.55,36.39,36.7,434302
2022-12-07,TENB,36.87,37.7,36.73,36.92,462906
2022-12-08,TENB,37.11,40.09,36.7908,38.66,1217756
2022-12-09,TENB,38.45,38.88,37.905,38.13,571528
2022-12-12,TENB,38.4,40.175,38.29,39.61,863316
2022-12-13,TENB,41.53,42.3,40.54,40.58,1136843
2022-12-14,TENB,40.12,41.26,39.94,40.38,863340
2022-12-15,TENB,39.37,40.42,38.015,38.17,507422
2022-12-16,TENB,37.87,38.59,37.09,37.66,2408096
2022-12-19,TENB,37.44,37.93,36.7119,37.26,752206
2022-12-20,TENB,36.81,38.38,36.52,38.02,596886
2022-12-21,TENB,38.05,38.535,36.72,38.07,709120
2022-12-22,TENB,37.28,37.85,36.7,37.49,724656
2022-12-23,TENB,37.3,37.405,36.13,36.87,414968
2022-12-27,TENB,36.61,36.7,35.905,36.06,423511
2022-12-28,TENB,35.92,36.25,35.27,36.12,657409
2022-12-29,TENB,36.8,38.12,36.49,37.73,394755
2022-12-30,TENB,37.11,38.455,36.93,38.15,401667
2023-01-03,TENB,38.7,39.35,37.21,37.9,696764
2023-01-04,TENB,38.0,38.46,37.5175,37.91,537281
2023-01-05,TENB,37.41,37.535,35.1,35.12,913466
2023-01-06,TENB,35.59,35.59,34.1,35.24,838470
2023-01-09,TENB,35.79,37.62,35.55,37.33,1091379
2023-01-10,TENB,36.98,37.11,35.865,36.93,665448
2023-01-11,TENB,37.59,38.07,36.87,37.74,935659
2023-01-12,TENB,36.04,37.05,35.04,36.78,1245658
2023-01-13,TENB,36.15,37.29,35.75,37.03,923641
2023-01-17,TENB,36.78,38.339,36.09,38.22,741714
2023-01-18,TENB,38.92,40.05,38.17,38.26,678084
2023-01-19,TENB,37.79,38.93,37.36,38.38,592247
2023-01-20,TENB,39.0,40.64,37.92,40.5,828382
2023-01-23,TENB,40.4,41.33,39.92,41.26,730856
2023-01-24,TENB,40.77,41.13,39.07,39.15,1768594
2023-01-25,TENB,38.07,38.86,37.335,38.5,881504
2023-01-26,TENB,39.2,40.53,38.385,40.5,628601
2023-01-27,TENB,40.33,41.27,40.11,40.22,631634
2023-01-30,TENB,39.37,40.21,39.03,39.87,533779
2023-01-31,TENB,40.32,40.7,39.805,40.23,720373
2023-02-01,TENB,40.49,44.82,40.13,44.27,2472671
2023-02-02,TENB,44.88,46.16,44.36,45.62,1610935
2023-02-03,TENB,44.2,45.16,43.26,43.31,847680
2023-02-06,TENB,42.81,44.34,42.36,42.73,1092826
2023-02-07,TENB,42.48,44.085,41.535,43.42,1094072
2023-02-08,TENB,46.6,46.87,44.25,45.64,2242911
2023-02-09,TENB,46.31,46.81,44.74,44.82,695757
2023-02-10,TENB,44.25,45.24,43.49,44.7,1367108
2023-02-13,TENB,44.97,46.0,44.5,45.54,925686
2023-02-14,TENB,45.37,46.35,44.575,45.16,562499
2023-02-15,TENB,44.75,45.57,44.75,45.24,397458
2023-02-16,TENB,44.16,44.75,43.65,43.93,547734
2023-02-17,TENB,43.82,44.079,42.88,43.8,521902
2023-02-21,TENB,42.79,43.49,42.465,42.88,585846
2023-02-22,TENB,43.4,43.94,42.96,43.24,689389
2023-02-23,TENB,43.67,43.92,42.53,43.76,840972
2023-02-24,TENB,42.85,43.62,42.3,43.53,841441
2023-02-27,TENB,43.92,44.36,43.56,43.76,785594
2023-02-28,TENB,43.49,44.505,43.49,44.23,733332
2023-03-01,TENB,44.05,44.35,43.33,44.14,676795
2023-03-02,TENB,43.87,44.85,43.57,44.58,569211
2023-03-03,TENB,44.74,45.19,44.01,45.05,615491
2023-03-06,TENB,45.18,45.45,44.61,45.09,700906
2023-03-07,TENB,45.06,45.319,44.37,44.58,823694
2023-03-08,TENB,44.69,44.94,43.5,44.3,568033
2023-03-09,TENB,44.0,45.09,43.35,43.49,844352
2023-03-10,TENB,43.18,43.2866,41.575,41.99,855304
2023-03-13,TENB,41.44,42.53,40.91,42.01,1229476
2023-03-14,TENB,42.56,44.64,42.46,44.6,1369946
2023-03-15,TENB,43.64,44.33,42.79,44.02,872466
2023-03-16,TENB,43.68,45.5,43.0,44.73,868132
2023-03-17,TENB,44.73,44.84,43.62,44.31,2217632
2023-03-20,TENB,44.37,45.37,43.695,45.2,766671
2023-03-21,TENB,45.18,46.34,44.99,46.0,1036302
2023-03-22,TENB,45.95,46.08,43.9,43.93,492283
2023-03-23,TENB,44.64,45.93,44.47,44.98,591625
2023-03-24,TENB,44.63,45.05,43.86,44.69,493752
2023-03-27,TENB,44.72,45.74,44.385,45.55,566873
2023-03-28,TENB,45.3,45.8053,44.59,44.69,589810
2023-03-29,TENB,45.41,45.41,44.4501,44.9,493455
2023-03-30,TENB,45.3,45.6099,44.82,45.47,337959
2023-03-31,TENB,45.8,47.72,45.64,47.51,833908
2023-04-03,TENB,46.93,47.25,45.64,45.9,686567
2023-04-04,TENB,46.29,47.0299,45.715,46.46,626442
2023-04-05,TENB,46.13,46.13,43.83,44.99,521612
2023-04-06,TENB,44.81,46.17,44.07,46.01,503003
2023-04-10,TENB,45.24,45.675,44.68,45.62,576841
2023-04-11,TENB,45.42,46.095,44.57,45.3,810336
2023-04-12,TENB,46.08,46.49,45.18,45.18,559129
2023-04-13,TENB,45.46,46.535,45.46,46.05,477121
2023-04-14,TENB,45.68,46.03,45.12,45.89,336395
2023-04-17,TENB,46.03,46.56,45.72,46.47,311238
2023-04-18,TENB,47.03,47.315,46.01,46.79,1016854
2023-04-19,TENB,46.42,46.58,45.76,46.24,432446
2023-04-20,TENB,45.58,46.6991,44.81,46.41,518143
2023-04-21,TENB,46.38,46.89,46.15,46.5,888581
2023-04-24,TENB,46.48,46.48,44.89,45.4,1362663
2023-04-25,TENB,35.152,37.32,34.75,36.71,6989193
2023-04-26,TENB,37.02,37.345,36.01,37.01,2131209
2023-04-27,TENB,37.35,37.46,35.83,36.52,1735363
2023-04-28,TENB,36.28,37.05,35.58,36.99,1269493
2023-05-01,TENB,36.45,36.89,36.0,36.34,1187055
2023-05-02,TENB,36.05,36.06,34.45,34.57,1690230
2023-05-03,TENB,34.57,35.29,34.33,34.64,869615
2023-05-04,TENB,34.96,35.44,34.55,34.78,732881
2023-05-05,TENB,35.12,36.13,35.12,36.06,1536909
2023-05-08,TENB,36.51,36.82,36.04,36.59,816705
2023-05-09,TENB,36.59,37.09,35.91,36.32,738368
2023-05-10,TENB,36.91,37.885,36.51,37.51,1113814
2023-05-11,TENB,37.54,38.02,36.83,37.78,1015763
2023-05-12,TENB,37.84,38.34,37.56,37.73,778241
2023-05-15,TENB,37.7,38.22,37.56,37.95,852293
2023-05-16,TENB,37.78,38.36,37.62,38.0,502034
2023-05-17,TENB,38.42,38.71,37.91,38.22,586536
2023-05-18,TENB,38.23,38.77,37.89,38.73,671050
2023-05-19,TENB,39.01,39.955,38.76,39.85,698565
2023-05-22,TENB,39.79,40.72,39.24,40.2,1253089
2023-05-23,TENB,39.86,40.22,37.38,37.4,1189051
2023-05-24,TENB,36.96,38.775,36.54,38.45,1006545
2023-05-25,TENB,38.72,38.94,37.36,37.63,766821
2023-05-26,TENB,37.8,39.54,37.785,39.09,718821
2023-05-30,TENB,39.9,40.36,39.0889,39.49,609322
2023-05-31,TENB,39.44,41.18,39.28,40.99,1632457
2023-06-01,TENB,40.17,41.34,39.27,40.88,888827
2023-06-02,TENB,41.44,41.575,40.49,40.74,1344572
2023-06-05,TENB,40.36,40.77,39.72,40.49,865138
2023-06-06,TENB,40.46,41.43,39.97,41.04,752324
2023-06-07,TENB,41.28,41.51,38.89,39.73,2311532
2023-06-08,TENB,39.57,40.92,39.43,39.86,1443069
2023-06-09,TENB,39.99,40.43,39.095,39.84,1146040
2023-06-12,TENB,40.16,40.45,39.48,39.83,821088
2023-06-13,TENB,40.31,41.86,40.09,41.83,1298442
2023-06-14,TENB,41.83,42.07,41.02,41.56,1161906
2023-06-15,TENB,41.23,42.835,41.015,42.51,680946
2023-06-16,TENB,43.05,43.05,41.01,41.84,1874497
2023-06-20,TENB,41.15,41.865,40.92,41.6,666712
2023-06-21,TENB,41.53,41.685,40.005,40.95,696871
2023-06-22,TENB,40.78,41.89,40.555,41.85,738208
2023-06-23,TENB,41.2,41.67,40.67,40.73,1351072
2023-06-26,TENB,41.03,41.59,40.4,40.92,669661
2023-06-27,TENB,41.35,42.915,41.075,42.68,746345
2023-06-28,TENB,42.53,43.16,42.195,42.33,395259
2023-06-29,TENB,42.42,43.53,42.26,43.49,592880
2023-06-30,TENB,44.0,44.37,43.29,43.55,839337
2023-07-03,TENB,43.34,43.63,42.69,42.72,394783
2023-07-05,TENB,42.36,43.08,42.23,42.85,943700
2023-07-06,TENB,43.0,43.095,42.115,42.29,1416133
2023-07-07,TENB,42.2,43.43,42.2,42.41,686311
2023-07-10,TENB,42.09,43.75,41.79,43.54,696261
2023-07-11,TENB,43.61,43.72,42.345,42.37,1055068
2023-07-12,TENB,43.19,43.19,41.9,42.31,844882
2023-07-13,TENB,42.5,43.86,42.5,43.11,1018587
2023-07-14,TENB,43.5,44.0,42.81,42.95,532664
2023-07-17,TENB,42.97,43.95,42.74,42.84,746700
2023-07-18,TENB,42.78,43.19,42.32,42.82,818805
2023-07-19,TENB,43.16,44.1,42.88,43.05,792964
2023-07-20,TENB,42.77,42.85,41.75,42.19,911350
2023-07-21,TENB,42.94,44.1,42.58,43.32,1400622
2023-07-24,TENB,43.48,43.485,42.62,43.34,689935
2023-07-25,TENB,43.34,44.13,42.87,43.78,1157569
2023-07-26,TENB,49.03,49.49,46.97,48.24,4047693
2023-07-27,TENB,49.02,49.15,46.9,47.22,1804501
2023-07-28,TENB,47.5,48.35,47.25,47.66,956985
2023-07-31,TENB,47.66,48.69,47.66,48.66,1135091
2023-08-01,TENB,48.53,49.77,48.27,49.2,914579
2023-08-02,TENB,48.41,48.63,46.915,47.4,889891
2023-08-03,TENB,47.22,47.9,46.89,47.52,565976
2023-08-04,TENB,47.98,48.1313,46.48,46.78,916778
2023-08-07,TENB,46.64,47.09,45.72,46.85,585390
2023-08-08,TENB,46.24,46.55,45.45,45.82,1081116
2023-08-09,TENB,46.11,46.755,45.76,46.22,597375
2023-08-10,TENB,46.59,47.37,46.06,46.3,535598
2023-08-11,TENB,45.84,46.31,45.4,45.48,646886
2023-08-14,TENB,45.42,45.82,45.23,45.61,572190
2023-08-15,TENB,45.31,45.74,45.31,45.68,505627
2023-08-16,TENB,45.61,45.69,45.055,45.14,373950
2023-08-17,TENB,45.14,45.14,43.935,44.22,454399
2023-08-18,TENB,43.8,44.755,43.59,44.56,489923
2023-08-21,TENB,44.84,45.6,44.6,45.08,352434
2023-08-22,TENB,45.18,45.47,44.59,44.99,450401
2023-08-23,TENB,45.08,45.11,44.25,44.43,910825
2023-08-24,TENB,45.15,45.15,42.74,42.78,815860
2023-08-25,TENB,42.73,44.37,42.62,44.13,702234
2023-08-28,TENB,44.12,44.46,43.85,44.03,483846
2023-08-29,TENB,43.95,44.77,43.43,44.04,501777
2023-08-30,TENB,43.88,44.4872,43.88,44.13,312710
2023-08-31,TENB,44.43,45.63,44.43,45.37,730487
2023-09-01,TENB,45.62,46.2934,45.21,45.3,407945
2023-09-05,TENB,45.14,45.395,44.76,45.21,388052
2023-09-06,TENB,45.22,46.31,45.07,46.03,568947
2023-09-07,TENB,45.83,45.83,44.35,44.42,689146
2023-09-08,TENB,44.77,44.92,44.08,44.22,486943
2023-09-11,TENB,46.01,46.3229,45.3,45.58,794858
2023-09-12,TENB,44.91,46.18,44.76,45.54,568751
2023-09-13,TENB,45.37,46.49,45.13,46.39,798028
2023-09-14,TENB,46.42,47.1131,46.12,46.56,520456
2023-09-15,TENB,46.49,46.49,45.01,45.61,1456145
2023-09-18,TENB,46.04,47.24,45.81,46.83,520334
2023-09-19,TENB,46.73,46.99,45.54,46.13,755682
2023-09-20,TENB,46.2,47.795,45.71,46.69,810901
2023-09-21,TENB,46.6,46.725,45.19,45.28,822098
2023-09-22,TENB,45.57,46.26,45.44,45.66,573694
2023-09-25,TENB,45.19,45.57,44.09,44.6,703402
2023-09-26,TENB,44.33,44.9,43.69,43.85,548894
2023-09-27,TENB,44.0,44.555,43.54,44.14,542394
2023-09-28,TENB,43.85,44.62,43.635,44.52,436972
2023-09-29,TENB,45.08,45.54,44.49,44.8,503342
2023-10-02,TENB,44.68,45.7,44.31,45.67,599958
2023-10-03,TENB,45.11,45.65,43.17,43.67,528171
2023-10-04,TENB,43.95,44.52,43.81,44.31,354043
2023-10-05,TENB,44.12,44.55,43.24,44.39,617472
2023-10-06,TENB,43.83,46.22,43.83,46.15,623261
2023-10-09,TENB,44.27,45.68,43.81,44.88,768319
2023-10-10,TENB,44.88,45.6,44.53,44.54,625234
2023-10-11,TENB,44.64,45.02,44.02,44.1,634185
2023-10-12,TENB,43.97,43.97,41.602,42.25,989136
2023-10-13,TENB,42.13,42.93,41.32,42.82,1659448
2023-10-16,TENB,43.25,44.65,42.81,44.07,757581
2023-10-17,TENB,43.55,45.06,43.41,44.68,601053
2023-10-18,TENB,44.58,44.86,43.99,44.3,470650
2023-10-19,TENB,44.49,44.49,42.8,42.97,660388
2023-10-20,TENB,43.05,43.45,41.755,42.7,886102
2023-10-23,TENB,42.28,43.3,41.71,42.26,425665
2023-10-24,TENB,42.7,43.82,42.69,43.2,439320
2023-10-25,TENB,42.59,42.705,41.17,41.22,405236
2023-10-26,TENB,41.62,41.9,40.65,41.03,463707
2023-10-27,TENB,41.18,41.9,40.53,41.59,485560
2023-10-30,TENB,41.98,41.98,40.67,41.2,807436
2023-10-31,TENB,41.32,42.32,40.82,42.11,786480
2023-11-01,TENB,42.26,42.61,41.08,41.97,956019
2023-11-02,TENB,34.86,37.73,33.8501,35.33,4109607
2023-11-03,TENB,35.5,37.49,35.15,37.1,1789935
2023-11-06,TENB,37.33,37.42,36.57,37.01,1267672
2023-11-07,TENB,37.25,38.95,37.16,38.03,932294
2023-11-08,TENB,38.01,38.24,37.05,37.36,645216
2023-11-09,TENB,37.65,37.98,37.02,37.13,795134
2023-11-10,TENB,37.25,37.86,36.8,37.41,1011001
2023-11-13,TENB,37.23,37.5,36.49,37.28,777476
2023-11-14,TENB,38.59,39.5,37.8,39.33,1004589
2023-11-15,TENB,39.42,39.79,39.03,39.65,828216
2023-11-16,TENB,39.22,39.66,38.18,38.9,1048348
2023-11-17,TENB,39.0,40.06,38.785,39.48,1010573
2023-11-20,TENB,39.61,40.03,39.36,39.54,818940
2023-11-21,TENB,39.36,39.865,39.08,39.43,736731
2023-11-22,TENB,39.68,40.22,39.44,39.49,616120
2023-11-24,TENB,39.52,39.78,39.29,39.62,238243
2023-11-27,TENB,39.61,41.8,39.38,41.73,1465759
2023-11-28,TENB,42.06,42.4,40.69,40.99,891124
2023-11-29,TENB,41.45,42.2,41.255,41.68,1005036
2023-11-30,TENB,41.8,41.8986,40.75,41.39,970452
2023-12-01,TENB,41.4,41.81,40.33,40.77,2217975
2023-12-04,TENB,40.37,41.14,39.88,41.13,1206639
2023-12-05,TENB,40.9,41.47,40.74,41.46,795551
2023-12-06,TENB,41.77,42.38,41.32,41.32,588568
2023-12-07,TENB,41.25,41.285,40.36,40.81,657759
2023-12-08,TENB,40.76,41.23,40.55,41.15,517502
2023-12-11,TENB,41.32,41.74,41.12,41.71,1102638
2023-12-12,TENB,41.73,42.03,41.25,42.0,668765
2023-12-13,TENB,42.0,42.83,41.44,41.98,900947
2023-12-14,TENB,42.45,43.49,42.445,42.79,1668329
2023-12-15,TENB,43.42,44.99,42.5,44.58,3071993
2023-12-18,TENB,44.95,44.95,44.02,44.57,754359
2023-12-19,TENB,44.95,45.54,44.74,45.47,731715
2023-12-20,TENB,45.14,46.18,44.99,45.04,773947
2023-12-21,TENB,45.45,46.27,45.074,46.11,552279
2023-12-22,TENB,46.29,47.16,46.16,47.08,1065372
2023-12-26,TENB,47.24,47.6,46.91,47.52,340920
2023-12-27,TENB,47.5,47.61,47.06,47.27,498072
2023-12-28,TENB,47.14,47.255,46.75,46.95,409874
2023-12-29,TENB,46.88,46.94,45.92,46.06,523985
2024-01-02,TENB,45.32,45.52,43.74,43.97,811530
2024-01-03,TENB,43.1349,44.47,43.1,43.4,730440
2024-01-04,TENB,43.82,43.86,43.09,43.57,551234
2024-01-05,TENB,43.25,43.555,42.71,42.88,687764
2024-01-08,TENB,43.14,44.08,43.14,43.81,657817
2024-01-09,TENB,45.3,47.14,45.04,45.63,2393486
2024-01-10,TENB,45.84,46.365,45.21,46.31,1096237
2024-01-11,TENB,46.32,46.69,45.21,46.23,710779
2024-01-12,TENB,47.5,47.5,46.695,47.06,672499
2024-01-16,TENB,46.51,47.31,46.43,46.76,757637
2024-01-17,TENB,46.22,47.15,45.46,47.07,542575
2024-01-18,TENB,47.5,47.908,46.4,47.08,687538
2024-01-19,TENB,47.35,47.61,46.72,47.4,833342
2024-01-22,TENB,48.0,48.35,47.23,47.6,842243
2024-01-23,TENB,48.38,48.51,47.37,47.61,813215
2024-01-24,TENB,48.07,48.448,47.21,47.3,836718
2024-01-25,TENB,48.18,48.36,46.945,47.17,582810
2024-01-26,TENB,47.49,47.49,46.82,47.06,541512
2024-01-29,TENB,46.6,48.1,46.6,48.07,723099
2024-01-30,TENB,48.12,48.41,47.63,48.11,1117289
2024-01-31,TENB,47.97,48.24,47.09,47.1,924974
2024-02-01,TENB,47.46,47.69,46.73,47.57,1025714
2024-02-02,TENB,47.36,48.38,47.14,47.79,638915
2024-02-05,TENB,47.72,47.8409,45.97,46.98,1321149
2024-02-06,TENB,47.43,47.785,46.625,47.63,1644846
2024-02-07,TENB,51.45,53.4999,48.955,50.15,3164872
2024-02-08,TENB,50.31,51.36,49.23,50.72,2226762
2024-02-09,TENB,51.08,52.15,50.44,51.89,1893869
2024-02-12,TENB,52.0,52.4977,49.84,50.65,1404092
2024-02-13,TENB,49.13,49.93,48.52,49.33,1522236
2024-02-14,TENB,50.21,50.85,49.8482,50.76,679077
2024-02-15,TENB,51.38,51.965,51.19,51.45,1131309
2024-02-16,TENB,51.0,51.52,50.2601,51.05,963266
2024-02-20,TENB,50.5,50.58,49.515,50.04,861720
2024-02-21,TENB,47.23,47.43,45.5,46.65,2015717
2024-02-22,TENB,47.73,48.05,46.9,47.2,1245369
2024-02-23,TENB,47.41,47.95,47.24,47.58,704002
2024-02-26,TENB,47.56,48.09,47.16,47.3,954549
2024-02-27,TENB,47.785,48.09,47.05,47.39,821762
2024-02-28,TENB,46.831,47.29,46.49,47.21,765114
2024-02-29,TENB,47.75,48.47,46.79,48.16,1160302
2024-03-01,TENB,48.12,48.41,47.5381,48.1,778507
2024-03-04,TENB,48.1,48.19,47.635,47.76,627589
2024-03-05,TENB,47.4,47.4,44.89,45.55,1073660
2024-03-06,TENB,46.55,46.98,45.32,45.58,1075812
2024-03-07,TENB,45.74,46.95,45.225,46.72,834359
2024-03-08,TENB,47.29,47.76,46.51,46.57,627592
2024-03-11,TENB,45.92,47.57,45.65,47.46,1561958
2024-03-12,TENB,47.56,47.885,46.17,46.94,937309
2024-03-13,TENB,46.43,47.17,46.37,46.69,715415
2024-03-14,TENB,46.69,46.96,45.6,46.16,556719
2024-03-15,TENB,45.88,46.185,45.46,45.95,1902612
2024-03-18,TENB,46.02,47.08,45.925,46.94,755505
2024-03-19,TENB,46.71,48.37,46.13,48.1,1241823
2024-03-20,TENB,48.49,49.33,48.04,48.98,1346149
2024-03-21,TENB,49.2,49.44,48.66,48.82,726893
2024-03-22,TENB,48.92,48.94,47.88,48.39,622105
2024-03-25,TENB,48.43,48.83,48.09,48.45,546536
2024-03-26,TENB,48.78,48.78,47.56,47.83,852877
2024-03-27,TENB,48.27,48.425,47.01,48.01,521170
2024-03-28,TENB,48.16,50.3,47.86,49.43,1314799
2024-04-01,TENB,49.0,49.58,48.495,49.34,656987
2024-04-02,TENB,48.28,48.375,47.49,47.94,764225
2024-04-03,TENB,47.33,48.06,47.26,47.83,570865
2024-04-04,TENB,48.39,48.88,47.3,47.51,504023
2024-04-05,TENB,47.44,48.5,47.44,48.31,560958
2024-04-08,TENB,48.48,48.595,47.86,48.4,352856
2024-04-09,TENB,48.63,49.33,48.63,49.11,424586
2024-04-10,TENB,47.84,48.85,47.36,48.79,543908
2024-04-11,TENB,49.17,50.07,48.7,49.92,623389
2024-04-12,TENB,49.27,49.71,48.33,48.51,1154701
2024-04-15,TENB,48.24,48.48,45.65,45.94,1000333
2024-04-16,TENB,45.3,45.9491,45.01,45.71,918669
2024-04-17,TENB,45.77,45.78,44.36,44.38,869591
2024-04-18,TENB,44.44,45.11,43.94,44.09,940040
2024-04-19,TENB,44.13,44.97,43.78,44.81,925764
2024-04-22,TENB,45.13,45.48,44.17,45.03,477926
2024-04-23,TENB,45.33,46.74,45.33,46.15,576251
2024-04-24,TENB,46.69,47.22,46.08,46.42,548534
2024-04-25,TENB,45.49,45.72,44.98,45.38,570660
2024-04-26,TENB,45.66,46.59,45.5,45.99,603171
2024-04-29,TENB,46.14,46.345,45.57,45.66,607469
2024-04-30,TENB,45.4,45.44,44.78,44.97,1248937
2024-05-01,TENB,45.1,46.01,44.24,45.03,1136976
2024-05-02,TENB,44.48,45.54,42.8,45.21,1707085
2024-05-03,TENB,45.57,45.66,43.6,44.6,954961
2024-05-06,TENB,44.97,45.7,44.76,45.53,538728
2024-05-07,TENB,45.5,45.765,44.63,45.64,574074
2024-05-08,TENB,45.27,45.37,44.49,44.84,787370
2024-05-09,TENB,44.63,45.37,44.38,45.32,706298
2024-05-10,TENB,45.4,45.66,44.66,44.75,441928
2024-05-13,TENB,45.22,45.765,44.48,44.9,569724
2024-05-14,TENB,45.0,45.47,44.51,44.74,570864
2024-05-15,TENB,45.39,45.44,44.49,44.69,805181
2024-05-16,TENB,44.5,44.685,43.76,44.26,853059
2024-05-17,TENB,44.07,44.35,43.79,44.0,1135637
2024-05-20,TENB,43.97,44.13,43.33,44.02,890728
2024-05-21,TENB,43.55,43.95,43.1,43.43,752995
2024-05-22,TENB,43.44,43.67,43.145,43.41,623700
2024-05-23,TENB,43.68,43.68,42.79,43.13,628361
2024-05-24,TENB,42.94,43.885,42.81,43.74,807488
2024-05-28,TENB,43.97,43.97,42.84,42.95,648618
2024-05-29,TENB,42.3,43.31,42.25,42.53,723776
2024-05-30,TENB,42.48,42.71,41.61,41.87,792845
2024-05-31,TENB,42.16,42.25,41.38,42.19,779451
2024-06-03,TENB,42.4,42.425,41.02,41.08,809270
2024-06-04,TENB,41.07,41.45,40.2,40.23,967774
2024-06-05,TENB,40.75,41.37,40.15,41.26,1034569
2024-06-06,TENB,41.12,41.285,40.71,40.78,507177
2024-06-07,TENB,40.5,40.76,40.25,40.45,597782
2024-06-10,TENB,40.48,41.675,40.02,41.1,745932
2024-06-11,TENB,40.72,42.11,40.45,41.98,1220890
2024-06-12,TENB,42.87,43.085,41.85,41.99,849130
2024-06-13,TENB,42.05,42.11,40.35,40.8,895981
2024-06-14,TENB,40.3,40.7,39.91,40.11,1616612
2024-06-17,TENB,40.0,40.19,39.38,39.85,930305
2024-06-18,TENB,39.74,39.74,38.75,39.15,1214825
2024-06-20,TENB,38.8,39.9,38.37,39.14,1195929
2024-06-21,TENB,39.12,40.46,38.95,40.33,4250308
2024-06-24,TENB,40.34,40.82,40.15,40.52,563197
2024-06-25,TENB,40.47,40.73,40.28,40.71,682163
2024-06-26,TENB,40.54,41.67,40.54,41.12,1036547
2024-06-27,TENB,41.42,43.09,40.6078,42.89,767876
2024-06-28,TENB,43.14,43.86,42.76,43.58,2160214
2024-07-01,TENB,43.54,43.625,42.71,42.89,691955
2024-07-02,TENB,43.02,43.65,42.895,43.62,511969
2024-07-03,TENB,43.64,43.87,43.17,43.31,354459
2024-07-05,TENB,43.4,44.02,43.215,43.78,449292
2024-07-08,TENB,43.79,44.08,42.73,42.83,492333
2024-07-09,TENB,42.83,42.87,42.06,42.3,464568
2024-07-10,TENB,42.43,42.43,41.4,42.0,478613
2024-07-11,TENB,43.07,43.87,42.42,42.48,765444
2024-07-12,TENB,42.77,43.26,42.3,43.06,680204
2024-07-15,TENB,43.99,45.19,43.66,44.87,1066550
2024-07-16,TENB,45.28,46.2099,45.15,45.89,910765
2024-07-17,TENB,45.29,45.47,44.48,45.2,1144290
2024-07-18,TENB,45.2,45.54,43.45,43.86,839734
2024-07-19,TENB,44.08,44.38,43.1,43.37,622408
2024-07-22,TENB,43.51,44.12,42.89,44.05,770155
2024-07-23,TENB,44.06,44.39,43.24,44.18,817175
2024-07-24,TENB,43.84,44.43,42.58,42.66,594137
2024-07-25,TENB,43.1,44.07,42.61,42.9,716141
2024-07-26,TENB,43.56,43.9332,42.76,43.2,671157
2024-07-29,TENB,43.42,44.37,43.03,43.14,856965
2024-07-30,TENB,43.36,49.18,43.13,47.15,4774384
2024-07-31,TENB,47.09,47.19,45.55,45.92,1973331
2024-08-01,TENB,36.07,43.15,35.25,42.48,5027779
2024-08-02,TENB,40.65,42.01,40.255,41.77,1309026
2024-08-05,TENB,39.84,41.5,39.15,40.12,1080307
2024-08-06,TENB,40.4,40.83,39.93,39.97,1174743
2024-08-07,TENB,40.61,41.66,40.29,40.39,990339
2024-08-08,TENB,40.67,41.225,40.32,40.75,774869
2024-08-09,TENB,40.77,41.71,40.43,41.69,623700
2024-08-12,TENB,41.7,41.7,40.33,40.52,496080
2024-08-13,TENB,40.92,41.829,40.67,41.38,579617
2024-08-14,TENB,41.31,42.0,41.31,41.51,376169
2024-08-15,TENB,42.07,42.645,41.68,41.95,470180
2024-08-16,TENB,41.87,42.33,41.87,42.11,460537
2024-08-19,TENB,42.2,42.71,42.05,42.7,380394
2024-08-20,TENB,42.72,43.09,42.02,42.12,628993
2024-08-21,TENB,42.06,43.065,42.06,42.74,630636
2024-08-22,TENB,42.8,43.09,41.48,41.5,663623
2024-08-23,TENB,41.94,41.99,41.17,41.35,1850720
2024-08-26,TENB,41.39,42.255,41.31,41.4,784837
2024-08-27,TENB,41.03,41.21,40.721,40.82,792529
2024-08-28,TENB,40.75,41.21,40.53,41.04,704373
2024-08-29,TENB,41.16,42.54,41.16,41.53,621875
2024-08-30,TENB,41.76,41.88,40.76,41.28,2184746
2024-09-03,TENB,41.15,41.56,40.03,40.07,728584
2024-09-04,TENB,39.58,40.483,39.11,39.89,833819
2024-09-05,TENB,39.8,40.06,39.15,39.86,533736
2024-09-06,TENB,40.18,40.32,38.86,39.11,678251
2024-09-09,TENB,39.1,40.08,39.1,39.35,541890
2024-09-10,TENB,39.47,39.47,38.685,38.98,366947
2024-09-11,TENB,38.75,39.15,38.29,39.0,453451
2024-09-12,TENB,39.26,39.52,38.65,39.5,675504
2024-09-13,TENB,39.78,40.22,39.39,39.74,552585
2024-09-16,TENB,39.77,40.27,39.7,40.15,532713
2024-09-17,TENB,40.55,40.55,39.9,39.96,450177
2024-09-18,TENB,39.82,40.32,39.34,39.63,580708
2024-09-19,TENB,40.67,40.81,40.055,40.28,674804
2024-09-20,TENB,40.47,40.77,40.2,40.37,1673313
2024-09-23,TENB,40.48,40.53,39.97,40.09,717936
2024-09-24,TENB,40.36,40.48,39.49,39.76,781128
2024-09-25,TENB,39.98,39.98,39.0,39.7,979152
2024-09-26,TENB,40.27,40.4,39.515,40.08,782830
2024-09-27,TENB,40.44,40.845,39.76,39.92,793150
2024-09-30,TENB,39.85,40.61,39.72,40.52,990467
2024-10-01,TENB,40.58,40.86,39.8441,40.82,766482
2024-10-02,TENB,40.9,41.81,40.53,40.74,690985
2024-10-03,TENB,40.4,40.93,39.83,40.2,703842
2024-10-04,TENB,41.09,41.5388,40.64,41.43,406830
2024-10-07,TENB,41.22,41.295,40.12,40.44,722001
2024-10-08,TENB,40.47,41.05,40.06,41.0,489281
2024-10-09,TENB,40.94,41.7,40.87,41.59,721165
2024-10-10,TENB,41.02,42.54,41.02,42.46,718836
2024-10-11,TENB,42.4,42.7,41.955,42.14,402800
2024-10-14,TENB,42.39,42.92,41.93,42.32,442406
2024-10-15,TENB,42.16,42.785,41.91,42.56,588090
2024-10-16,TENB,42.38,42.72,41.91,42.69,549960
2024-10-17,TENB,42.91,42.91,42.25,42.335,513370
2024-10-18,TENB,42.6,43.285,42.5,42.65,643489
2024-10-21,TENB,42.61,42.705,42.04,42.14,420424
2024-10-22,TENB,42.09,42.2,41.52,41.58,409196
2024-10-23,TENB,41.26,41.535,40.3,40.34,686435
2024-10-24,TENB,40.71,41.255,40.5,40.92,722962
2024-10-25,TENB,40.98,42.03,40.98,41.63,784183
2024-10-28,TENB,42.07,42.07,40.27,40.65,1048410
2024-10-29,TENB,40.46,41.86,40.37,41.8,1387759
2024-10-30,TENB,41.8,41.955,41.135,41.23,1324764
2024-10-31,TENB,43.0,43.0,39.32,39.61,2112352
2024-11-01,TENB,39.73,40.28,38.72,38.78,1656927
2024-11-04,TENB,38.75,39.08,38.3,38.71,1299018
2024-11-05,TENB,38.68,39.255,38.4,39.01,918548
2024-11-06,TENB,40.1,42.37,39.94,42.0,2233778
2024-11-07,TENB,41.83,42.53,41.62,42.17,1697917
2024-11-08,TENB,42.16,42.415,41.61,41.81,1180711
2024-11-11,TENB,42.14,42.19,41.39,41.43,1211018
2024-11-12,TENB,41.31,41.905,41.02,41.89,1008726
2024-11-13,TENB,41.81,43.26,41.81,42.03,1021431
2024-11-14,TENB,41.95,42.1,41.39,41.74,651418
2024-11-15,TENB,41.67,41.67,40.31,40.79,734288
2024-11-18,TENB,40.91,41.11,40.52,40.76,1336831
2024-11-19,TENB,40.48,41.005,40.24,40.79,1009169
2024-11-20,TENB,40.79,40.9358,40.2094,40.82,569944
2024-11-21,TENB,41.04,42.0,41.04,41.85,825036
2024-11-22,TENB,42.04,42.7,41.99,42.44,982109
2024-11-25,TENB,42.77,43.205,42.46,42.74,779977
2024-11-26,TENB,42.59,43.06,42.175,43.01,541205
2024-11-27,TENB,42.95,43.18,41.74,41.88,471142
2024-11-29,TENB,41.97,42.18,41.72,41.98,499262
2024-12-02,TENB,40.79,42.66,40.79,42.06,860149
2024-12-03,TENB,41.93,42.56,41.39,42.42,1311561
2024-12-04,TENB,42.87,43.89,42.4,42.73,1596827
2024-12-05,TENB,42.11,43.8,42.04,43.44,1077451
2024-12-06,TENB,43.61,43.63,42.3,42.42,558250
2024-12-09,TENB,42.57,43.56,42.57,43.01,838736
2024-12-10,TENB,43.1,43.31,42.66,42.92,588486
2024-12-11,TENB,43.36,43.55,42.77,42.79,709757
2024-12-12,TENB,42.54,43.06,42.43,43.0,745275
2024-12-13,TENB,42.57,42.76,41.55,41.6,592374
2024-12-16,TENB,41.59,42.95,41.57,42.52,934525
2024-12-17,TENB,42.18,42.54,41.52,41.55,1051120
2024-12-18,TENB,41.66,42.46,39.63,40.0,1432963
2024-12-19,TENB,40.51,41.0,40.2,40.94,1162589
2024-12-20,TENB,40.29,41.575,40.29,41.05,2259324
2024-12-23,TENB,41.0,41.2,40.61,40.88,493200
2024-12-24,TENB,40.9,41.385,40.65,41.34,265023
2024-12-26,TENB,40.91,41.05,40.445,40.72,519864
2024-12-27,TENB,40.29,40.44,39.1575,39.49,950639
2024-12-30,TENB,39.07,39.78,38.8,39.29,799063
2024-12-31,TENB,39.5,39.5,39.0,39.38,662771
2025-01-02,TENB,39.91,39.94,38.41,38.97,685295
2025-01-03,TENB,39.15,39.3625,38.82,39.08,637870
2025-01-06,TENB,39.37,40.7,39.17,40.17,874013
2025-01-07,TENB,40.17,40.325,38.55,38.97,1102030
2025-01-08,TENB,38.52,39.18,38.47,38.89,746086
2025-01-10,TENB,38.22,38.71,37.94,38.49,729885
2025-01-13,TENB,37.78,38.73,37.78,38.62,653326
2025-01-14,TENB,38.75,39.365,38.67,39.05,1064517
2025-01-15,TENB,39.94,40.78,39.6301,40.52,1130430
2025-01-16,TENB,40.69,42.85,40.55,42.59,1685651
2025-01-17,TENB,42.9,43.36,40.77,40.83,1091487
2025-01-21,TENB,41.02,41.25,40.52,41.06,864925
2025-01-22,TENB,41.22,42.37,41.01,42.26,943221
2025-01-23,TENB,42.07,43.86,41.9582,43.86,1106498
2025-01-24,TENB,43.86,44.6,43.24,43.39,1055631
2025-01-27,TENB,43.1,45.4445,43.0,44.19,793214
2025-01-28,TENB,44.22,45.17,43.37,44.5,1109074
2025-01-29,TENB,44.34,45.0,43.34,43.48,1138136
2025-01-30,TENB,43.33,43.84,42.92,43.22,1485042
2025-01-31,TENB,43.54,43.67,42.77,43.09,1294510
2025-02-03,TENB,42.35,43.28,42.14,43.28,1352975
2025-02-04,TENB,43.34,43.485,42.69,43.02,1629742
2025-02-05,TENB,43.01,43.56,42.45,43.21,2404952
2025-02-06,TENB,43.62,43.68,39.57,39.85,2646817
2025-02-07,TENB,40.21,40.665,39.5,40.23,1744615
2025-02-10,TENB,40.71,41.0,40.05,40.85,1285362
2025-02-11,TENB,40.48,40.675,39.56,40.16,832203
2025-02-12,TENB,39.55,39.935,39.26,39.6,872012
2025-02-13,TENB,39.67,39.82,39.145,39.52,625043
2025-02-14,TENB,39.62,39.82,39.01,39.02,599597
2025-02-18,TENB,39.02,39.61,39.02,39.59,704122
2025-02-19,TENB,39.22,39.99,38.88,39.81,764421
2025-02-20,TENB,39.44,39.7398,38.335,38.53,939081
2025-02-21,TENB,38.86,39.0462,38.24,38.37,1458985
2025-02-24,TENB,38.54,39.09,37.31,38.63,1154142
2025-02-25,TENB,38.64,39.1067,37.9,38.71,1558077
2025-02-26,TENB,38.7,39.125,37.87,38.06,1287101
2025-02-27,TENB,37.97,38.5,37.71,37.74,957467
2025-02-28,TENB,37.64,38.17,37.01,38.14,1225233
2025-03-03,TENB,38.13,38.675,37.59,37.65,1415801
2025-03-04,TENB,37.25,38.83,37.2,38.04,1507178
2025-03-05,TENB,37.81,38.73,37.81,38.54,1100619
2025-03-06,TENB,38.08,38.54,37.28,37.33,828271
2025-03-07,TENB,37.07,37.625,36.05,36.5,1166194
2025-03-10,TENB,36.05,36.67,35.43,36.18,1426201
2025-03-11,TENB,36.1,37.1,35.76,36.71,1668902
2025-03-12,TENB,37.025,37.03,35.88,36.2,1068809
2025-03-13,TENB,36.0,36.06,35.25,35.25,964277
2025-03-14,TENB,35.55,36.47,35.31,36.06,1150209
2025-03-17,TENB,36.0,37.05,35.885,36.75,1258739
2025-03-18,TENB,36.17,37.09,35.945,36.99,1474631
2025-03-19,TENB,37.0,37.9,36.96,37.18,1219080
2025-03-20,TENB,37.0,37.105,36.08,36.13,735808
2025-03-21,TENB,35.71,36.45,35.475,36.25,1942412
2025-03-24,TENB,36.7,36.875,36.26,36.36,853337
2025-03-25,TENB,36.49,37.14,36.24,36.78,2092451
2025-03-26,TENB,36.88,37.1,36.19,36.42,985298
2025-03-27,TENB,36.38,36.62,35.9,35.96,596671
2025-03-28,TENB,35.93,35.93,34.66,34.94,989361
2025-03-31,TENB,34.84,35.27,33.84,34.98,1297193
2025-04-01,TENB,34.6,35.2,34.55,35.17,820905
2025-04-02,TENB,34.76,35.39,34.76,35.16,891528
2025-04-03,TENB,33.98,34.265,32.96,33.35,883933
2025-04-04,TENB,32.16,32.785,31.47,32.05,1326903
2025-04-07,TENB,30.78,33.08,30.5,31.88,1227805
2025-04-08,TENB,33.03,33.0591,30.79,31.32,1154415
2025-04-09,TENB,31.12,34.125,30.96,33.99,1231236
2025-04-10,TENB,33.05,33.31,32.025,32.87,1159027
2025-04-11,TENB,32.79,33.07,32.175,32.84,586768
